timestamp,node,user_type,bot_type,user_screen_name
2021-05-17 19:27:09,0,bot,spammer,Left_of_You
2021-05-17 19:29:54,1,bot,spammer,Left_of_You
2021-05-17 19:29:37,2,bot,spammer,Left_of_You
2021-05-17 19:28:44,3,bot,spammer,Left_of_You
2021-05-17 19:28:24,4,bot,spammer,Left_of_You
2021-05-17 19:28:03,5,bot,spammer,Left_of_You
2021-08-11 20:26:36,6,bot,spammer,danny086756661
2021-08-11 20:26:36,17,bot,spammer,danny086756661
2021-08-11 20:26:12,18,bot,spammer,danny086756661
2021-08-11 20:26:00,19,bot,spammer,danny086756661
2021-08-11 20:25:44,20,bot,spammer,danny086756661
2021-08-11 20:25:21,21,bot,spammer,danny086756661
2021-08-11 20:24:55,22,bot,spammer,danny086756661
2021-08-11 20:24:37,23,bot,spammer,danny086756661
2021-08-11 20:24:37,24,bot,spammer,danny086756661
2021-08-11 20:24:25,25,bot,spammer,danny086756661
2021-08-11 20:24:10,26,bot,spammer,danny086756661
2021-08-11 20:26:55,27,bot,spammer,danny086756661
2021-08-11 20:23:26,28,bot,spammer,danny086756661
2021-08-17 20:12:29,29,bot,spammer,danny086756661
2021-08-17 05:32:06,30,bot,spammer,danny086756661
2021-08-17 05:32:06,31,bot,spammer,danny086756661
2021-08-17 05:20:18,32,bot,spammer,danny086756661
2021-08-17 05:20:18,36,bot,spammer,danny086756661
2021-08-17 05:20:18,37,bot,spammer,danny086756661
2021-08-22 03:10:13,38,bot,spammer,danny086756661
2021-08-22 03:10:13,39,bot,spammer,danny086756661
2021-08-22 03:10:13,40,bot,spammer,danny086756661
2021-08-22 03:10:13,42,bot,spammer,danny086756661
2021-08-22 03:10:13,44,bot,spammer,danny086756661
2021-08-22 03:09:18,46,bot,spammer,danny086756661
2021-08-21 13:00:39,47,bot,spammer,danny086756661
2021-08-21 13:00:39,48,bot,spammer,danny086756661
2021-08-21 13:00:39,49,bot,spammer,danny086756661
2021-07-21 15:29:14,50,bot,spammer,danny086756661
2021-07-21 15:29:14,51,bot,spammer,danny086756661
2021-07-21 15:24:57,57,bot,spammer,danny086756661
2021-07-21 15:24:37,58,bot,spammer,danny086756661
2021-07-21 14:56:28,59,bot,spammer,danny086756661
2021-07-21 14:56:10,60,bot,spammer,danny086756661
2021-07-21 14:56:10,61,bot,spammer,danny086756661
2021-07-21 14:15:56,63,bot,spammer,danny086756661
2021-07-21 14:15:56,64,bot,spammer,danny086756661
2021-07-21 14:15:56,65,bot,spammer,danny086756661
2021-07-22 21:03:34,66,bot,spammer,danny086756661
2021-07-22 20:44:46,67,bot,spammer,danny086756661
2021-07-22 20:23:22,69,bot,spammer,danny086756661
2021-07-22 18:04:15,72,bot,spammer,danny086756661
2021-07-22 18:04:15,73,bot,spammer,danny086756661
2021-07-22 05:24:26,74,bot,spammer,danny086756661
2021-07-22 05:19:08,75,bot,spammer,danny086756661
2021-07-22 05:19:08,76,bot,spammer,danny086756661
2021-07-22 05:19:08,77,bot,spammer,danny086756661
2021-07-22 21:07:02,78,bot,spammer,danny086756661
2021-07-22 21:07:23,79,bot,spammer,danny086756661
2021-07-22 21:07:23,82,bot,spammer,danny086756661
2021-07-23 05:28:38,83,bot,spammer,danny086756661
2021-07-23 05:28:38,84,bot,spammer,danny086756661
2021-07-23 05:10:10,85,bot,spammer,danny086756661
2021-07-23 05:09:11,86,bot,spammer,danny086756661
2021-07-23 00:04:14,87,bot,spammer,danny086756661
2021-07-23 00:03:45,88,bot,spammer,danny086756661
2021-07-23 05:28:38,89,bot,spammer,danny086756661
2021-07-21 16:01:25,90,bot,spammer,danny086756661
2021-07-21 20:25:27,91,bot,spammer,danny086756661
2021-07-21 20:20:38,92,bot,spammer,danny086756661
2021-07-21 18:44:25,93,bot,spammer,danny086756661
2021-07-21 18:14:23,94,bot,spammer,danny086756661
2021-07-21 18:14:23,95,bot,spammer,danny086756661
2021-07-21 18:07:18,96,bot,spammer,danny086756661
2021-07-21 17:50:36,97,bot,spammer,danny086756661
2021-07-21 17:50:36,98,bot,spammer,danny086756661
2021-07-21 17:50:36,99,bot,spammer,danny086756661
2021-07-21 17:47:11,100,bot,spammer,danny086756661
2021-07-21 17:39:55,101,bot,spammer,danny086756661
2021-07-21 17:39:55,102,bot,spammer,danny086756661
2021-07-21 17:22:15,103,bot,spammer,danny086756661
2021-07-21 16:01:25,104,bot,spammer,danny086756661
2021-07-21 21:36:56,105,bot,spammer,danny086756661
2021-07-22 01:57:33,106,bot,spammer,danny086756661
2021-07-22 01:57:33,108,bot,spammer,danny086756661
2021-07-22 01:57:33,109,bot,spammer,danny086756661
2021-07-22 01:57:33,110,bot,spammer,danny086756661
2021-07-21 23:29:49,111,bot,spammer,danny086756661
2021-07-21 23:17:11,112,bot,spammer,danny086756661
2021-07-21 23:17:11,113,bot,spammer,danny086756661
2021-07-21 23:17:11,114,bot,spammer,danny086756661
2021-07-21 23:17:11,115,bot,spammer,danny086756661
2021-07-21 23:16:51,116,bot,spammer,danny086756661
2021-07-21 21:36:56,117,bot,spammer,danny086756661
2021-07-21 21:36:56,118,bot,spammer,danny086756661
2021-07-21 23:17:11,119,bot,spammer,danny086756661
2021-07-26 21:27:04,120,bot,spammer,danny086756661
2021-07-29 14:38:26,121,bot,spammer,danny086756661
2021-07-29 14:38:26,122,bot,spammer,danny086756661
2021-07-29 14:38:26,123,bot,spammer,danny086756661
2021-08-01 03:33:32,124,bot,spammer,danny086756661
2021-08-01 03:33:32,125,bot,spammer,danny086756661
2021-08-01 03:33:32,126,bot,spammer,danny086756661
2021-07-24 16:17:51,127,bot,spammer,danny086756661
2021-09-08 17:22:38,128,bot,spammer,Daniel2510G
2021-10-10 12:38:11,129,bot,spammer,Daniel2510G
2021-10-07 10:22:34,132,bot,spammer,Daniel2510G
2021-10-07 10:08:41,134,bot,spammer,Daniel2510G
2021-10-07 07:48:01,137,bot,spammer,Daniel2510G
2021-08-18 03:37:39,138,bot,spammer,Daniel2510G
2021-08-17 17:18:35,139,bot,spammer,Daniel2510G
2021-08-17 17:18:35,140,bot,spammer,Daniel2510G
2021-08-17 17:17:03,141,bot,spammer,Daniel2510G
2021-08-17 17:17:03,143,bot,spammer,Daniel2510G
2021-10-16 18:10:22,144,bot,spammer,Daniel2510G
2021-10-16 18:10:22,145,bot,spammer,Daniel2510G
2021-10-17 18:26:24,146,bot,spammer,Daniel2510G
2021-10-17 18:27:19,155,bot,spammer,Daniel2510G
2021-10-17 18:27:19,164,bot,spammer,Daniel2510G
2021-10-17 18:27:19,173,bot,spammer,Daniel2510G
2021-10-17 18:27:12,175,bot,spammer,Daniel2510G
2021-10-17 18:27:12,184,bot,spammer,Daniel2510G
2021-10-17 18:27:12,193,bot,spammer,Daniel2510G
2021-10-17 18:27:12,202,bot,spammer,Daniel2510G
2021-10-17 18:27:12,203,bot,spammer,Daniel2510G
2021-10-17 18:27:27,212,bot,spammer,Daniel2510G
2021-10-17 18:26:53,213,bot,spammer,Daniel2510G
2021-10-17 18:26:24,214,bot,spammer,Daniel2510G
2021-10-17 18:26:31,215,bot,spammer,Daniel2510G
2021-10-17 18:26:46,216,bot,spammer,Daniel2510G
2021-10-17 18:26:46,217,bot,spammer,Daniel2510G
2021-10-15 20:35:56,218,bot,spammer,Daniel2510G
2021-10-15 20:35:56,219,bot,spammer,Daniel2510G
2021-10-05 23:44:26,220,human,,CobyJayJr42
2021-10-11 10:32:10,221,human,,CobyJayJr42
2021-10-10 20:49:11,222,human,,CobyJayJr42
2021-10-10 16:14:45,223,bot,spammer,CobyJayJr42
2021-10-11 17:00:54,224,human,,CobyJayJr42
2021-10-07 00:24:47,225,bot,spammer,CobyJayJr42
2021-10-07 13:41:00,226,human,,CobyJayJr42
2021-10-07 13:41:00,227,bot,spammer,CobyJayJr42
2021-10-07 13:41:00,228,bot,spammer,CobyJayJr42
2021-10-07 13:41:00,229,bot,spammer,CobyJayJr42
2021-10-07 13:41:00,230,bot,spammer,CobyJayJr42
2021-10-07 13:27:17,231,bot,spammer,CobyJayJr42
2021-10-07 00:24:47,232,bot,spammer,CobyJayJr42
2021-10-07 00:24:47,233,bot,spammer,CobyJayJr42
2021-10-07 17:31:52,234,bot,spammer,CobyJayJr42
2021-10-07 17:31:52,235,human,,CobyJayJr42
2021-10-07 21:39:22,236,bot,spammer,CobyJayJr42
2021-10-08 00:45:18,237,human,,CobyJayJr42
2021-10-14 14:17:01,239,bot,spammer,CobyJayJr42
2021-10-14 15:22:26,240,human,,CobyJayJr42
2021-10-16 21:43:54,241,human,,CobyJayJr42
2021-10-16 21:43:54,242,bot,spammer,CobyJayJr42
2021-10-16 20:10:00,243,bot,spammer,CobyJayJr42
2021-10-14 19:30:39,244,bot,spammer,CobyJayJr42
2021-10-14 19:30:39,245,human,,CobyJayJr42
2021-10-14 15:40:23,246,human,,CobyJayJr42
2021-10-07 19:52:12,247,human,,bev768
2021-08-15 21:26:44,248,human,,bev768
2021-08-15 16:49:33,249,human,,bev768
2021-08-15 16:21:59,250,human,,bev768
2021-08-15 15:26:51,251,human,,bev768
2021-08-15 05:58:31,252,human,,bev768
2021-08-15 05:58:31,253,human,,bev768
2021-08-13 03:14:38,254,human,,bev768
2021-08-13 03:14:38,255,human,,bev768
2021-08-12 00:36:17,256,human,,bev768
2021-08-15 16:41:19,257,human,,bev768
2021-08-16 00:23:14,258,human,,bev768
2021-08-11 18:27:49,259,human,,bev768
2021-08-06 06:29:54,260,human,,bev768
2021-08-06 06:29:54,261,human,,bev768
2021-08-06 03:21:23,262,human,,bev768
2021-08-06 03:21:23,264,human,,bev768
2021-08-06 03:21:23,265,human,,bev768
2021-08-06 01:14:54,266,human,,bev768
2021-08-08 01:49:15,267,human,,bev768
2021-08-11 06:30:47,268,human,,bev768
2021-08-11 06:30:47,269,human,,bev768
2021-08-11 00:55:51,270,human,,bev768
2021-08-11 00:55:51,271,human,,bev768
2021-08-11 00:55:51,273,human,,bev768
2021-08-10 22:11:50,274,human,,bev768
2021-08-11 18:27:49,276,human,,bev768
2021-08-16 02:31:20,279,human,,bev768
2021-08-27 02:25:14,280,human,,bev768
2021-08-27 02:25:14,284,human,,bev768
2021-08-22 18:19:10,286,human,,bev768
2021-08-22 18:19:10,287,human,,bev768
2021-08-18 23:07:14,288,human,,bev768
2021-08-18 23:07:14,289,human,,bev768
2021-08-19 23:20:51,290,human,,bev768
2021-08-22 18:19:10,291,human,,bev768
2021-08-19 23:20:51,292,human,,bev768
2021-08-19 23:20:51,293,human,,bev768
2021-10-16 23:31:17,294,human,,bev768
2021-10-16 23:31:17,295,human,,bev768
2021-10-17 14:45:17,296,human,,bev768
2021-10-17 14:45:17,297,human,,bev768
2021-10-18 22:38:32,298,human,,bev768
2021-10-18 22:38:32,299,human,,bev768
2021-10-16 06:31:03,301,human,,bev768
2021-10-16 06:31:03,302,human,,bev768
2021-08-05 23:32:14,303,human,,bev768
2021-07-20 23:19:21,304,human,,bev768
2021-07-20 23:19:21,305,human,,bev768
2021-07-21 04:07:32,306,human,,bev768
2021-07-21 04:18:34,307,human,,bev768
2021-07-22 04:21:58,308,human,,bev768
2021-07-23 15:36:32,309,human,,bev768
2021-07-23 15:35:37,315,human,,bev768
2021-07-23 15:31:22,316,human,,bev768
2021-07-23 15:31:22,317,human,,bev768
2021-07-22 04:21:58,318,human,,bev768
2021-07-22 04:21:58,319,human,,bev768
2021-07-22 03:46:46,320,human,,bev768
2021-07-22 00:03:32,321,human,,bev768
2021-07-22 00:03:32,322,human,,bev768
2021-07-22 04:09:29,323,human,,bev768
2021-07-18 06:32:42,324,human,,bev768
2021-07-18 06:32:42,325,human,,bev768
2021-07-18 16:12:41,326,human,,bev768
2021-07-23 15:36:32,327,human,,bev768
2021-07-18 16:12:41,328,human,,bev768
2021-07-23 15:36:59,329,human,,bev768
2021-07-30 06:16:46,330,human,,bev768
2021-07-30 06:16:46,331,human,,bev768
2021-07-29 21:15:53,332,human,,bev768
2021-07-29 21:15:53,334,human,,bev768
2021-07-29 21:15:53,336,human,,bev768
2021-07-30 06:16:46,337,human,,bev768
2021-07-30 06:19:57,338,human,,bev768
2021-07-30 06:19:57,342,human,,bev768
2021-07-31 17:07:58,343,human,,bev768
2021-07-31 03:37:58,344,human,,bev768
2021-07-31 03:36:59,345,human,,bev768
2021-07-31 03:36:59,346,human,,bev768
2021-07-31 03:36:59,347,human,,bev768
2021-07-31 03:10:56,348,human,,bev768
2021-07-31 03:00:21,349,human,,bev768
2021-07-30 21:49:02,350,human,,bev768
2021-07-31 03:10:56,351,human,,bev768
2021-07-27 01:10:47,352,human,,bev768
2021-07-28 15:39:46,353,human,,bev768
2021-07-28 14:50:56,354,human,,bev768
2021-08-05 15:57:04,355,human,,bev768
2021-08-05 15:57:04,356,human,,bev768
2021-08-05 06:27:06,357,human,,bev768
2021-08-05 06:27:06,358,human,,bev768
2021-08-05 06:27:06,359,human,,bev768
2021-08-05 06:27:06,360,human,,bev768
2021-08-05 06:18:42,361,human,,bev768
2021-08-05 05:39:03,362,human,,bev768
2021-08-04 19:47:54,363,human,,bev768
2021-08-04 19:47:54,364,human,,bev768
2021-08-04 06:28:41,365,human,,bev768
2021-08-04 06:28:41,366,human,,bev768
2021-08-05 23:32:14,367,human,,bev768
2021-08-05 23:32:14,368,human,,bev768
2021-08-02 03:33:27,369,human,,bev768
2021-08-01 01:40:35,370,human,,bev768
2021-08-02 06:58:23,371,human,,bev768
2021-08-01 01:27:09,372,human,,bev768
2021-08-01 01:09:01,373,human,,bev768
2021-08-01 00:27:12,375,human,,bev768
2021-08-01 00:27:12,377,human,,bev768
2021-08-01 00:27:12,379,human,,bev768
2021-08-01 01:09:01,381,human,,bev768
2021-08-02 06:58:23,382,human,,bev768
2021-08-02 06:58:23,383,human,,bev768
2021-08-02 14:40:43,384,human,,bev768
2021-08-02 14:40:43,385,human,,bev768
2021-08-02 14:40:43,386,human,,bev768
2021-08-05 23:32:14,387,human,,bev768
2021-07-24 06:43:31,388,human,,bev768
2021-07-24 00:38:19,390,human,,bev768
2021-07-23 23:42:16,392,human,,bev768
2021-07-23 23:42:16,393,human,,bev768
2021-07-23 16:18:04,394,human,,bev768
2021-07-23 15:38:38,395,human,,bev768
2021-07-23 15:37:43,396,human,,bev768
2021-07-25 22:04:25,397,human,,bev768
2021-07-25 22:04:25,398,human,,bev768
2021-07-25 22:02:40,399,human,,bev768
2021-07-25 22:02:40,403,human,,bev768
2021-07-25 22:02:40,404,human,,bev768
2021-07-25 22:02:22,408,human,,bev768
2021-07-25 22:01:29,409,human,,bev768
2021-07-25 22:01:29,410,human,,bev768
2021-07-25 22:05:09,411,human,,bev768
2021-07-25 22:05:09,412,human,,bev768
2021-07-25 22:05:09,414,human,,bev768
2021-07-26 03:08:19,415,human,,bev768
2021-07-26 03:02:20,416,human,,bev768
2021-07-25 23:23:31,417,human,,bev768
2021-07-25 23:23:31,418,human,,bev768
2021-07-24 22:05:23,419,human,,bev768
2021-07-24 21:22:38,420,human,,bev768
2021-07-24 21:22:38,421,human,,bev768
2021-07-24 21:22:38,422,human,,bev768
2021-07-25 01:52:47,423,human,,bev768
2021-07-25 14:35:12,424,human,,bev768
2021-07-25 06:59:07,425,human,,bev768
2021-07-25 06:52:52,427,human,,bev768
2021-07-25 02:53:28,428,human,,bev768
2021-07-25 02:53:28,429,human,,bev768
2021-07-25 02:53:28,430,human,,bev768
2021-07-25 02:18:06,431,human,,bev768
2021-07-25 14:20:17,432,human,,bev768
2021-10-18 22:44:48,433,human,,bev768
2021-08-13 06:11:29,434,human,,nickisnest
2021-08-13 06:11:29,435,human,,nickisnest
2021-08-07 17:14:17,437,human,,nickisnest
2021-08-07 17:14:17,438,human,,nickisnest
2021-08-06 03:38:34,439,human,,nickisnest
2021-08-06 01:04:36,440,human,,nickisnest
2021-08-06 00:47:02,441,human,,nickisnest
2021-08-08 16:57:43,442,human,,nickisnest
2021-08-09 14:14:15,443,human,,nickisnest
2021-08-08 17:49:45,445,human,,nickisnest
2021-08-08 17:05:25,447,human,,nickisnest
2021-08-08 17:05:25,449,human,,nickisnest
2021-08-08 17:05:25,452,human,,nickisnest
2021-08-08 17:03:15,453,human,,nickisnest
2021-08-16 01:39:21,454,human,,nickisnest
2021-08-16 01:39:21,455,human,,nickisnest
2021-08-25 02:53:23,470,human,,nickisnest
2021-08-25 02:53:23,471,human,,nickisnest
2021-08-24 22:56:55,472,human,,nickisnest
2021-08-24 22:56:55,473,human,,nickisnest
2021-08-24 22:56:55,474,human,,nickisnest
2021-08-23 22:48:19,475,human,,nickisnest
2021-08-23 22:48:19,476,human,,nickisnest
2021-08-06 00:47:02,477,human,,nickisnest
2021-07-30 00:13:56,478,human,,nickisnest
2021-07-30 00:13:56,479,human,,nickisnest
2021-07-29 20:52:08,481,human,,nickisnest
2021-07-29 20:52:08,482,human,,nickisnest
2021-07-29 20:52:08,483,human,,nickisnest
2021-07-29 20:52:08,484,human,,nickisnest
2021-07-29 19:33:33,485,human,,nickisnest
2021-07-27 00:53:01,486,human,,nickisnest
2021-07-26 23:13:53,487,human,,nickisnest
2021-07-27 01:47:57,488,human,,nickisnest
2021-07-27 01:47:57,490,human,,nickisnest
2021-07-29 15:23:25,491,human,,nickisnest
2021-07-29 15:23:25,492,human,,nickisnest
2021-07-28 21:47:35,493,human,,nickisnest
2021-07-27 01:53:23,494,human,,nickisnest
2021-07-27 01:53:23,495,human,,nickisnest
2021-07-28 21:47:35,496,human,,nickisnest
2021-08-05 01:00:45,497,human,,nickisnest
2021-08-05 01:00:45,498,human,,nickisnest
2021-08-05 00:27:29,500,human,,nickisnest
2021-08-04 15:47:04,501,human,,nickisnest
2021-08-04 15:47:04,502,human,,nickisnest
2021-08-04 15:47:04,503,human,,nickisnest
2021-08-05 21:32:40,504,human,,nickisnest
2021-08-05 21:34:31,506,human,,nickisnest
2021-08-05 23:30:13,508,human,,nickisnest
2021-08-05 22:37:39,509,human,,nickisnest
2021-08-05 22:09:47,510,human,,nickisnest
2021-08-05 22:09:47,512,human,,nickisnest
2021-08-05 22:09:47,513,human,,nickisnest
2021-08-05 22:09:47,514,human,,nickisnest
2021-08-05 22:09:47,517,human,,nickisnest
2021-08-04 00:11:04,519,human,,nickisnest
2021-08-05 22:07:13,520,human,,nickisnest
2021-08-05 21:55:39,521,human,,nickisnest
2021-08-05 21:55:39,522,human,,nickisnest
2021-08-05 21:55:39,523,human,,nickisnest
2021-08-05 21:35:42,524,human,,nickisnest
2021-08-02 16:15:42,525,human,,nickisnest
2021-08-02 16:15:42,526,human,,nickisnest
2021-08-02 16:15:42,527,human,,nickisnest
2021-08-02 16:15:42,528,human,,nickisnest
2021-07-24 05:33:22,529,human,,nickisnest
2021-07-24 05:31:44,531,human,,nickisnest
2021-07-24 05:30:23,533,human,,nickisnest
2021-07-24 05:30:23,534,human,,nickisnest
2021-07-24 05:28:51,535,human,,nickisnest
2021-07-24 05:25:35,536,human,,nickisnest
2021-07-24 05:25:35,537,human,,nickisnest
2021-07-24 05:25:35,538,human,,nickisnest
2021-07-24 05:25:35,541,human,,nickisnest
2021-07-24 05:25:35,542,human,,nickisnest
2021-07-24 05:25:35,545,human,,nickisnest
2021-07-24 05:25:01,546,human,,nickisnest
2021-07-24 05:13:47,547,human,,nickisnest
2021-07-24 05:13:47,548,human,,nickisnest
2021-07-24 05:13:47,549,human,,nickisnest
2021-07-24 05:10:15,550,human,,nickisnest
2021-07-24 05:33:22,551,human,,nickisnest
2021-07-24 05:35:51,552,human,,nickisnest
2021-07-24 05:35:51,553,human,,nickisnest
2021-07-24 16:16:05,554,human,,nickisnest
2021-07-24 16:16:05,555,human,,nickisnest
2021-07-24 16:10:38,556,human,,nickisnest
2021-07-24 16:10:38,557,human,,nickisnest
2021-07-24 05:00:12,558,human,,nickisnest
2021-07-24 13:55:44,559,human,,nickisnest
2021-07-24 13:55:44,560,human,,nickisnest
2021-07-24 13:55:44,562,human,,nickisnest
2021-07-24 13:05:58,563,human,,nickisnest
2021-07-24 05:44:48,564,human,,nickisnest
2021-07-24 13:55:44,565,human,,nickisnest
2021-07-24 16:30:43,566,human,,nickisnest
2021-07-24 05:00:12,567,human,,nickisnest
2021-07-24 04:38:48,569,human,,nickisnest
2021-07-24 04:25:06,570,human,,nickisnest
2021-07-24 04:39:49,571,human,,nickisnest
2021-07-24 04:41:17,572,human,,nickisnest
2021-07-24 04:58:35,573,human,,nickisnest
2021-07-24 04:56:54,574,human,,nickisnest
2021-07-24 04:56:54,575,human,,nickisnest
2021-07-24 04:55:05,576,human,,nickisnest
2021-07-24 04:49:32,577,human,,nickisnest
2021-07-24 04:48:50,578,human,,nickisnest
2021-07-24 04:48:17,579,human,,nickisnest
2021-07-24 04:46:48,580,human,,nickisnest
2021-07-24 04:44:39,581,human,,nickisnest
2021-07-24 04:43:43,582,human,,nickisnest
2021-07-24 04:41:17,583,human,,nickisnest
2021-07-24 17:06:20,584,human,,nickisnest
2021-07-26 16:04:37,585,human,,nickisnest
2021-07-26 15:53:38,586,human,,nickisnest
2021-07-26 15:53:38,590,human,,nickisnest
2021-07-26 15:53:38,592,human,,nickisnest
2021-07-26 15:50:16,593,human,,nickisnest
2021-07-26 15:50:16,594,human,,nickisnest
2021-07-26 15:45:11,595,human,,nickisnest
2021-07-26 15:47:35,596,human,,nickisnest
2021-07-25 00:00:37,597,human,,nickisnest
2021-07-26 17:37:51,598,human,,nickisnest
2021-07-25 14:53:35,599,human,,nickisnest
2021-07-25 14:53:35,600,human,,nickisnest
2021-10-09 03:36:27,601,human,spammer,JonPort79449036
2021-10-08 15:11:50,612,human,spammer,JonPort79449036
2021-10-08 15:08:37,613,human,spammer,JonPort79449036
2021-10-08 15:08:19,614,human,spammer,JonPort79449036
2021-10-08 15:05:30,615,human,spammer,JonPort79449036
2021-10-08 15:04:59,616,human,spammer,JonPort79449036
2021-10-08 15:04:49,617,human,spammer,JonPort79449036
2021-10-08 15:01:23,618,human,spammer,JonPort79449036
2021-10-08 15:02:40,619,human,spammer,JonPort79449036
2021-10-16 18:19:14,620,human,spammer,JonPort79449036
2021-10-16 18:16:28,621,human,spammer,JonPort79449036
2021-10-16 18:13:51,622,human,spammer,JonPort79449036
2021-10-16 17:19:35,623,human,spammer,JonPort79449036
2021-10-16 17:19:35,693,human,spammer,JonPort79449036
2021-10-16 17:18:31,694,human,spammer,JonPort79449036
2021-10-16 17:18:15,695,human,spammer,JonPort79449036
2021-10-16 17:17:43,696,human,spammer,JonPort79449036
2021-10-16 17:16:58,697,human,spammer,JonPort79449036
2021-10-16 18:20:36,698,human,spammer,JonPort79449036
2021-10-16 18:20:48,699,human,spammer,JonPort79449036
2021-10-17 10:17:44,700,human,spammer,JonPort79449036
2021-10-16 17:16:35,701,human,spammer,JonPort79449036
2021-10-16 18:31:56,702,human,spammer,JonPort79449036
2021-10-16 18:25:55,703,human,spammer,JonPort79449036
2021-10-16 18:25:55,705,human,spammer,JonPort79449036
2021-10-16 18:23:31,706,human,spammer,JonPort79449036
2021-10-16 18:21:56,707,human,spammer,JonPort79449036
2021-10-17 10:20:27,708,human,spammer,JonPort79449036
2021-10-16 17:06:30,709,human,spammer,JonPort79449036
2021-10-16 17:06:05,710,human,spammer,JonPort79449036
2021-10-16 17:06:05,712,human,spammer,JonPort79449036
2021-10-16 17:05:27,714,human,spammer,JonPort79449036
2021-10-16 17:05:09,715,human,spammer,JonPort79449036
2021-10-16 17:04:05,716,human,spammer,JonPort79449036
2021-10-16 17:03:53,717,human,spammer,JonPort79449036
2021-10-16 17:03:29,718,human,spammer,JonPort79449036
2021-10-16 17:06:53,719,human,spammer,JonPort79449036
2021-10-16 17:07:10,721,human,spammer,JonPort79449036
2021-10-16 17:16:01,722,human,spammer,JonPort79449036
2021-10-16 17:15:45,723,human,spammer,JonPort79449036
2021-10-16 17:14:48,724,human,spammer,JonPort79449036
2021-10-16 17:14:01,725,human,spammer,JonPort79449036
2021-10-16 17:13:42,726,human,spammer,JonPort79449036
2021-10-16 17:16:22,727,human,spammer,JonPort79449036
2021-10-16 17:08:56,728,human,spammer,JonPort79449036
2021-10-16 17:08:44,729,human,spammer,JonPort79449036
2021-10-16 17:07:41,730,human,spammer,JonPort79449036
2021-10-16 17:07:23,731,human,spammer,JonPort79449036
2021-10-16 17:13:19,732,human,spammer,JonPort79449036
2021-10-16 17:02:38,733,human,spammer,JonPort79449036
2021-10-16 16:17:00,734,bot,spammer,JonPort79449036
2021-10-16 16:16:39,735,bot,spammer,JonPort79449036
2021-10-16 16:16:39,777,human,spammer,JonPort79449036
2021-10-16 16:16:19,778,human,spammer,JonPort79449036
2021-10-16 16:15:48,779,human,spammer,JonPort79449036
2021-10-16 16:15:20,780,human,spammer,JonPort79449036
2021-10-16 16:14:59,781,human,spammer,JonPort79449036
2021-10-16 16:13:24,782,human,spammer,JonPort79449036
2021-10-16 16:12:15,783,human,spammer,JonPort79449036
2021-10-16 16:10:45,784,human,spammer,JonPort79449036
2021-10-16 16:05:52,785,human,spammer,JonPort79449036
2021-10-16 16:17:39,786,human,spammer,JonPort79449036
2021-10-16 16:18:17,787,human,spammer,JonPort79449036
2021-10-16 16:28:14,788,human,spammer,JonPort79449036
2021-10-16 16:27:35,789,human,spammer,JonPort79449036
2021-10-16 16:26:45,790,human,spammer,JonPort79449036
2021-10-16 16:24:03,791,human,spammer,JonPort79449036
2021-10-16 16:24:03,792,human,spammer,JonPort79449036
2021-10-16 16:05:52,794,human,spammer,JonPort79449036
2021-10-16 16:23:30,795,human,spammer,JonPort79449036
2021-10-16 16:23:18,796,human,spammer,JonPort79449036
2021-10-16 16:19:12,797,human,spammer,JonPort79449036
2021-10-16 16:18:48,798,human,spammer,JonPort79449036
2021-10-16 16:29:28,799,human,spammer,JonPort79449036
2021-10-16 16:05:04,800,human,spammer,JonPort79449036
2021-10-16 15:52:13,802,human,spammer,JonPort79449036
2021-10-16 15:48:42,803,human,spammer,JonPort79449036
2021-10-16 15:48:16,804,human,spammer,JonPort79449036
2021-10-16 15:47:56,805,human,spammer,JonPort79449036
2021-10-16 15:47:56,806,human,spammer,JonPort79449036
2021-10-16 15:53:10,807,human,spammer,JonPort79449036
2021-10-16 15:55:05,808,human,spammer,JonPort79449036
2021-10-16 16:04:29,809,human,spammer,JonPort79449036
2021-10-16 16:03:59,810,human,spammer,JonPort79449036
2021-10-16 16:03:32,811,human,spammer,JonPort79449036
2021-10-16 16:05:04,812,human,spammer,JonPort79449036
2021-10-16 16:03:14,813,human,spammer,JonPort79449036
2021-10-16 16:02:45,814,human,spammer,JonPort79449036
2021-10-16 15:58:36,815,human,spammer,JonPort79449036
2021-10-16 15:58:18,816,human,spammer,JonPort79449036
2021-10-16 15:56:51,817,human,spammer,JonPort79449036
2021-10-16 15:56:00,818,human,spammer,JonPort79449036
2021-10-16 16:31:25,819,human,spammer,JonPort79449036
2021-10-16 16:52:24,820,human,spammer,JonPort79449036
2021-10-16 16:51:59,821,human,spammer,JonPort79449036
2021-10-16 16:50:47,822,human,spammer,JonPort79449036
2021-10-16 16:50:33,823,human,spammer,JonPort79449036
2021-10-16 16:50:01,824,human,spammer,JonPort79449036
2021-10-16 16:49:50,825,human,spammer,JonPort79449036
2021-10-16 16:49:13,826,human,spammer,JonPort79449036
2021-10-16 16:48:22,827,human,spammer,JonPort79449036
2021-10-16 16:48:04,828,human,spammer,JonPort79449036
2021-10-16 16:47:35,829,human,spammer,JonPort79449036
2021-10-16 16:52:38,831,human,spammer,JonPort79449036
2021-10-16 17:00:37,832,human,spammer,JonPort79449036
2021-10-16 17:00:08,833,human,spammer,JonPort79449036
2021-10-16 16:59:04,834,human,spammer,JonPort79449036
2021-10-16 16:58:45,835,human,spammer,JonPort79449036
2021-10-16 16:57:33,836,human,spammer,JonPort79449036
2021-10-16 16:55:47,837,human,spammer,JonPort79449036
2021-10-16 16:54:30,838,human,spammer,JonPort79449036
2021-10-16 16:53:42,839,human,spammer,JonPort79449036
2021-10-16 16:53:10,840,human,spammer,JonPort79449036
2021-10-16 16:52:50,841,human,spammer,JonPort79449036
2021-10-16 16:56:27,842,human,spammer,JonPort79449036
2021-10-16 16:47:30,843,human,spammer,JonPort79449036
2021-10-16 16:47:00,844,human,spammer,JonPort79449036
2021-10-16 16:39:53,845,human,spammer,JonPort79449036
2021-10-16 16:38:41,846,human,spammer,JonPort79449036
2021-10-16 16:38:27,847,human,spammer,JonPort79449036
2021-10-16 16:37:50,848,human,spammer,JonPort79449036
2021-10-16 16:40:05,849,human,spammer,JonPort79449036
2021-10-16 16:37:32,850,human,spammer,JonPort79449036
2021-10-16 16:34:37,851,human,spammer,JonPort79449036
2021-10-16 16:34:37,852,human,spammer,JonPort79449036
2021-10-16 16:34:37,853,human,spammer,JonPort79449036
2021-10-16 16:34:37,854,human,spammer,JonPort79449036
2021-10-16 16:32:15,855,human,spammer,JonPort79449036
2021-10-16 17:01:50,856,human,spammer,JonPort79449036
2021-10-16 16:42:14,857,human,spammer,JonPort79449036
2021-10-16 16:47:00,858,human,spammer,JonPort79449036
2021-10-16 16:46:35,860,human,spammer,JonPort79449036
2021-10-16 16:45:31,861,human,spammer,JonPort79449036
2021-10-16 16:44:48,862,human,spammer,JonPort79449036
2021-10-16 16:41:28,863,human,spammer,JonPort79449036
2021-10-16 16:44:13,864,human,spammer,JonPort79449036
2021-10-16 16:43:58,865,human,spammer,JonPort79449036
2021-10-16 16:43:24,866,human,spammer,JonPort79449036
2021-10-16 16:43:07,867,human,spammer,JonPort79449036
2021-10-16 16:44:22,868,human,spammer,JonPort79449036
2021-10-07 10:28:37,869,human,,sir_lars
2021-10-08 07:04:06,870,human,,sir_lars
2021-10-08 07:04:06,871,human,,sir_lars
2021-10-08 07:04:06,872,human,,sir_lars
2021-10-08 07:04:06,873,human,,sir_lars
2021-10-08 07:04:06,874,human,,sir_lars
2021-10-08 07:04:06,875,human,,sir_lars
2021-08-30 18:52:40,876,bot,private_account,VanderleydeSo14
2021-08-30 18:39:54,877,bot,private_account,VanderleydeSo14
2021-08-30 18:34:56,878,bot,private_account,VanderleydeSo14
2021-08-30 18:34:56,879,bot,private_account,VanderleydeSo14
2021-08-30 18:34:56,880,bot,private_account,VanderleydeSo14
2021-08-30 18:34:56,881,bot,private_account,VanderleydeSo14
2021-08-30 18:34:56,882,bot,private_account,VanderleydeSo14
2021-08-30 18:34:56,883,bot,private_account,VanderleydeSo14
2021-08-30 18:34:56,884,bot,private_account,VanderleydeSo14
2021-08-30 18:34:56,885,bot,private_account,VanderleydeSo14
2021-08-11 21:05:29,886,human,,CobyJay41
2021-08-12 00:10:44,887,human,,CobyJay41
2021-08-07 21:32:29,888,human,,CobyJay41
2021-08-07 19:54:00,889,human,,CobyJay41
2021-08-07 19:54:00,890,human,,CobyJay41
2021-08-07 21:32:29,891,human,,CobyJay41
2021-08-11 11:49:27,892,human,,CobyJay41
2021-08-08 22:16:02,894,human,,CobyJay41
2021-08-26 11:13:53,895,human,,CobyJay41
2021-08-26 11:13:53,896,human,,CobyJay41
2021-08-19 11:04:05,897,human,,CobyJay41
2021-08-19 11:04:05,898,human,,CobyJay41
2021-08-19 21:01:26,899,human,,CobyJay41
2021-08-19 21:01:26,900,human,,CobyJay41
2021-08-19 21:01:26,901,human,,CobyJay41
2021-08-21 17:14:53,902,human,,CobyJay41
2021-07-21 01:26:52,903,human,,CobyJay41
2021-07-21 00:57:36,904,human,,CobyJay41
2021-07-21 00:04:58,905,human,,CobyJay41
2021-07-20 22:24:49,906,human,,CobyJay41
2021-07-20 22:23:32,908,human,,CobyJay41
2021-07-21 12:02:22,909,human,,CobyJay41
2021-07-21 12:02:22,910,human,,CobyJay41
2021-07-21 15:38:09,911,human,,CobyJay41
2021-07-19 00:39:12,912,human,,CobyJay41
2021-07-20 00:14:36,914,human,,CobyJay41
2021-07-19 22:28:43,916,human,,CobyJay41
2021-07-19 22:28:43,917,human,,CobyJay41
2021-07-19 14:20:20,919,human,,CobyJay41
2021-07-19 14:04:59,920,human,,CobyJay41
2021-07-19 14:04:59,921,human,,CobyJay41
2021-07-19 14:04:59,922,human,,CobyJay41
2021-07-18 23:40:46,925,human,,CobyJay41
2021-07-22 15:24:06,927,human,,CobyJay41
2021-07-22 14:11:10,928,human,,CobyJay41
2021-07-22 14:11:10,929,human,,CobyJay41
2021-07-18 23:34:11,930,human,,CobyJay41
2021-07-18 22:53:09,931,human,,CobyJay41
2021-07-18 22:02:07,940,human,,CobyJay41
2021-07-18 21:58:50,941,human,,CobyJay41
2021-07-18 21:07:53,942,human,,CobyJay41
2021-07-18 20:57:25,943,human,,CobyJay41
2021-07-18 19:38:02,944,human,,CobyJay41
2021-07-18 19:38:02,946,human,,CobyJay41
2021-07-18 19:33:29,947,human,,CobyJay41
2021-07-18 22:02:07,948,human,,CobyJay41
2021-07-18 22:02:07,949,human,,CobyJay41
2021-07-18 22:48:23,950,human,,CobyJay41
2021-07-18 22:53:09,951,human,,CobyJay41
2021-07-18 22:53:09,952,human,,CobyJay41
2021-07-18 22:52:26,953,human,,CobyJay41
2021-07-18 22:51:53,954,human,,CobyJay41
2021-07-18 22:50:48,955,human,,CobyJay41
2021-07-18 19:29:35,956,human,,CobyJay41
2021-07-18 22:50:16,957,human,,CobyJay41
2021-07-18 22:49:47,958,human,,CobyJay41
2021-07-18 22:48:47,959,human,,CobyJay41
2021-07-18 22:48:23,960,human,,CobyJay41
2021-07-18 22:48:23,961,human,,CobyJay41
2021-07-18 19:29:35,962,human,,CobyJay41
2021-07-18 19:29:08,965,human,,CobyJay41
2021-07-18 19:09:23,966,human,,CobyJay41
2021-07-18 19:07:50,967,human,,CobyJay41
2021-07-18 18:49:20,968,human,,CobyJay41
2021-07-18 18:49:20,969,human,,CobyJay41
2021-07-18 18:48:56,972,human,,CobyJay41
2021-07-18 18:48:56,973,human,,CobyJay41
2021-07-18 18:46:47,975,human,,CobyJay41
2021-07-18 18:46:04,976,human,,CobyJay41
2021-07-18 18:44:47,977,human,,CobyJay41
2021-07-18 18:44:27,978,human,,CobyJay41
2021-07-18 18:47:52,979,human,,CobyJay41
2021-07-31 18:37:41,981,human,,CobyJay41
2021-07-31 18:37:41,982,human,,CobyJay41
2021-07-31 18:37:41,983,human,,CobyJay41
2021-07-30 20:07:37,984,human,,CobyJay41
2021-07-31 19:07:54,985,human,,CobyJay41
2021-07-31 20:25:52,986,human,,CobyJay41
2021-07-31 20:25:52,987,human,,CobyJay41
2021-07-31 20:25:52,988,human,,CobyJay41
2021-08-03 21:35:36,989,human,,CobyJay41
2021-08-03 11:00:42,990,human,,CobyJay41
2021-08-03 11:00:42,991,human,,CobyJay41
2021-08-03 11:00:42,992,human,,CobyJay41
2021-08-03 03:26:52,993,human,,CobyJay41
2021-08-02 20:15:06,994,human,,CobyJay41
2021-08-02 18:05:23,995,human,,CobyJay41
2021-08-02 18:05:23,996,human,,CobyJay41
2021-08-02 17:32:33,997,human,,CobyJay41
2021-08-02 15:08:48,998,human,,CobyJay41
2021-07-26 16:05:10,999,human,,CobyJay41
2021-07-25 19:46:32,1000,human,,CobyJay41
2021-07-25 19:46:32,1001,human,,CobyJay41
2021-07-25 19:46:32,1002,human,,CobyJay41
2021-07-25 19:46:32,1003,human,,CobyJay41
2021-07-24 23:42:34,1004,human,,CobyJay41
2021-07-24 23:10:13,1005,human,,CobyJay41
2021-07-24 17:24:06,1006,human,,CobyJay41
2021-08-15 18:09:59,1007,human,,1SweetSoldier
2021-08-15 18:09:59,1008,human,,1SweetSoldier
2021-08-15 18:09:59,1009,human,,1SweetSoldier
2021-08-15 18:09:59,1010,human,,1SweetSoldier
2021-08-15 17:37:16,1011,human,,1SweetSoldier
2021-08-15 17:35:35,1012,human,,1SweetSoldier
2021-08-15 17:35:35,1013,human,,1SweetSoldier
2021-08-15 17:35:35,1014,human,,1SweetSoldier
2021-08-07 06:17:00,1015,human,,CBmdnc
2021-08-06 05:05:50,1017,human,,BeverlyDHolmes
2021-08-06 05:05:50,1018,human,,BeverlyDHolmes
2021-08-03 22:36:28,1019,human,,BeverlyDHolmes
2021-08-09 16:55:43,1020,human,,kawarren818
2021-08-09 16:55:43,1021,human,,kawarren818
2021-07-24 16:03:19,1022,human,,kawarren818
2021-07-25 16:40:09,1023,human,,kawarren818
2021-07-24 17:46:51,1024,human,,kawarren818
2021-07-24 17:31:49,1025,human,,kawarren818
2021-07-25 00:53:13,1026,human,,kawarren818
2021-07-25 16:40:09,1027,human,,kawarren818
2021-07-25 16:40:09,1028,human,,kawarren818
2021-07-25 16:40:09,1029,human,,kawarren818
2021-07-25 16:37:17,1030,human,,kawarren818
2021-08-25 17:42:53,1031,human,,babibelle33
2021-08-25 17:42:53,1032,human,,babibelle33
2021-08-25 17:42:53,1033,human,,babibelle33
2021-08-25 17:42:53,1034,human,,babibelle33
2021-08-25 17:42:53,1035,human,,babibelle33
2021-08-25 17:42:53,1036,human,,babibelle33
2021-08-25 17:42:53,1037,human,,babibelle33
2021-08-25 17:42:53,1038,human,,babibelle33
2021-08-25 17:42:53,1039,human,,babibelle33
2021-07-25 23:13:20,1040,human,,babibelle33
2021-07-25 23:13:20,1041,human,,babibelle33
2021-08-27 23:19:48,1042,bot,spammer,globalism_no
2021-08-27 23:19:48,1043,bot,spammer,globalism_no
2021-08-27 23:19:48,1044,bot,spammer,globalism_no
2021-08-29 22:14:22,1045,bot,spammer,globalism_no
2021-08-29 22:14:22,1046,bot,spammer,globalism_no
2021-08-29 22:14:22,1047,bot,spammer,globalism_no
2021-08-29 22:14:22,1048,bot,spammer,globalism_no
2021-08-29 22:14:22,1049,bot,spammer,globalism_no
2021-08-19 07:23:35,1050,bot,spammer,raroberts2010
2021-08-19 07:23:35,1051,bot,spammer,raroberts2010
2021-08-16 12:16:58,1052,human,,sgibbsters
2021-08-21 02:50:29,1053,bot,self_declared,RockinTrump
2021-08-21 02:50:29,1054,bot,self_declared,RockinTrump
2021-08-21 02:50:29,1055,bot,self_declared,RockinTrump
2021-08-21 02:50:29,1056,bot,self_declared,RockinTrump
2021-10-17 09:09:39,1057,human,,Voyeur80370397
2021-07-20 07:52:40,1058,human,,Voyeur80370397
2021-07-20 07:52:40,1059,human,,Voyeur80370397
2021-07-20 07:52:40,1060,human,,Voyeur80370397
2021-10-16 19:12:12,1061,bot,spammer,sfbtears
2021-10-18 17:18:43,1062,bot,spammer,sfbtears
2021-10-18 17:13:31,1063,bot,spammer,sfbtears
2021-10-17 18:58:34,1064,bot,spammer,sfbtears
2021-10-17 18:58:34,1065,bot,spammer,sfbtears
2021-10-17 21:13:16,1067,bot,spammer,j_windsong
2021-10-17 21:13:16,1068,bot,spammer,j_windsong
2021-07-21 02:31:36,1069,human,,Jaye1222
2021-07-20 20:00:51,1070,human,,Jaye1222
2021-07-20 20:00:51,1072,human,,Jaye1222
2021-07-20 20:00:51,1073,human,,Jaye1222
2021-07-21 02:30:31,1074,human,,deltazebedee1
2021-07-20 18:32:51,1075,human,,deltazebedee1
2021-07-20 18:32:51,1076,human,,deltazebedee1
2021-07-21 11:33:54,1077,human,,deltazebedee1
2021-07-21 11:23:28,1078,human,,deltazebedee1
2021-07-20 18:32:51,1079,human,,deltazebedee1
2021-07-20 23:58:38,1080,human,,SpiritYah
2021-07-21 12:55:56,1081,human,,SpiritYah
2021-07-21 12:55:56,1082,human,,SpiritYah
2021-07-21 23:11:23,1083,human,,SpiritYah
2021-07-21 23:11:23,1084,human,,SpiritYah
2021-07-24 13:46:16,1085,human,,SpiritYah
2021-07-24 13:46:16,1087,human,,SpiritYah
2021-07-20 22:36:40,1088,human,,haber_okuyorum1
2021-07-18 11:46:57,1089,human,,haber_okuyorum1
2021-07-18 08:41:50,1090,human,,haber_okuyorum1
2021-07-18 08:21:45,1091,human,,haber_okuyorum1
2021-07-18 08:21:32,1092,human,,haber_okuyorum1
2021-07-18 08:21:18,1093,human,,haber_okuyorum1
2021-07-18 08:21:08,1094,human,,haber_okuyorum1
2021-07-18 08:19:01,1095,human,,haber_okuyorum1
2021-07-18 08:13:16,1096,human,,haber_okuyorum1
2021-07-20 18:34:36,1097,human,,maatuska_t
2021-07-19 23:07:07,1098,human,,maatuska_t
2021-07-20 10:00:08,1099,human,,maatuska_t
2021-07-21 08:58:49,1100,human,,DutchDL
2021-07-21 08:58:54,1101,human,,DutchDL
2021-07-21 09:05:04,1102,human,,DutchDL
2021-07-21 15:49:22,1103,human,,DutchDL
2021-07-19 09:48:48,1104,human,,PantsClock
2021-07-19 09:48:48,1105,human,,PantsClock
2021-07-19 09:48:48,1106,human,,PantsClock
2021-07-19 09:48:48,1107,human,,PantsClock
2021-07-19 09:48:48,1108,human,,PantsClock
2021-07-19 09:48:48,1109,human,,PantsClock
2021-07-19 09:48:48,1110,human,,PantsClock
2021-07-19 09:48:48,1111,human,,PantsClock
2021-07-19 09:48:48,1112,human,,PantsClock
2021-07-19 09:24:58,1113,bot,spammer,Simone_Voice
2021-07-19 08:32:25,1114,bot,spammer,Simone_Voice
2021-07-19 16:24:19,1115,bot,spammer,Simone_Voice
2021-07-18 21:21:03,1116,bot,spammer,Simone_Voice
2021-07-18 21:13:43,1117,bot,spammer,Simone_Voice
2021-07-18 21:03:14,1118,bot,spammer,Simone_Voice
2021-07-18 20:39:38,1119,bot,spammer,Simone_Voice
2021-07-18 20:32:50,1120,bot,spammer,Simone_Voice
2021-07-18 20:29:49,1121,bot,spammer,Simone_Voice
2021-07-18 20:28:02,1122,bot,spammer,Simone_Voice
2021-07-18 20:26:18,1123,bot,spammer,Simone_Voice
2021-07-18 20:25:22,1124,bot,spammer,Simone_Voice
2021-07-18 20:24:10,1125,bot,spammer,Simone_Voice
2021-07-19 09:20:39,1126,human,,fuzzyface
2021-07-19 08:59:14,1127,human,,fuzzyface
2021-07-19 07:19:37,1128,human,,fuzzyface
2021-07-19 06:54:45,1129,human,,fuzzyface
2021-07-19 06:40:37,1130,human,,fuzzyface
2021-07-19 06:40:35,1131,human,,fuzzyface
2021-07-19 18:07:51,1132,human,,fuzzyface
2021-07-19 12:26:21,1133,human,,fuzzyface
2021-07-19 17:30:26,1134,human,,fuzzyface
2021-07-25 20:11:01,1135,human,,fuzzyface
2021-07-19 01:26:47,1136,bot,private_account,mynameisnotkim1
2021-07-19 00:49:54,1137,bot,private_account,mynameisnotkim1
2021-07-18 23:50:40,1138,human,,justletmebeme1
2021-07-18 23:28:36,1139,human,,justletmebeme1
2021-07-19 22:19:29,1140,bot,spammer,BBCNews
2021-07-19 20:54:10,1141,human,,ninskiberry
2021-07-18 14:37:06,1142,human,,ninskiberry
2021-07-18 18:35:57,1143,human,,ninskiberry
2021-07-19 19:01:19,1144,human,,loveiswhereits2
2021-07-19 11:29:47,1145,human,,MSkuggsida
2021-07-19 09:48:48,1146,human,,QWarrior18
2021-07-22 20:33:35,1147,human,,KyleJayBonnell
2021-07-22 21:05:37,1148,human,,KyleJayBonnell
2021-07-23 05:31:49,1149,bot,other,JackJackedMe
2021-07-23 05:31:49,1150,bot,other,JackJackedMe
2021-07-23 05:31:49,1151,bot,other,JackJackedMe
2021-07-22 05:26:25,1152,human,,YatesSaunders
2021-07-22 22:13:19,1153,human,,elofan1276
2021-07-18 00:25:17,1154,human,,elofan1276
2021-07-17 23:45:07,1155,human,,elofan1276
2021-07-21 17:42:47,1156,human,,AndersonPolaris
2021-07-21 17:42:47,1157,human,,AndersonPolaris
2021-07-21 21:22:57,1158,human,,moonbeam696
2021-07-21 21:25:14,1159,human,,moonbeam696
2021-07-21 23:18:21,1160,human,,BaringMyClaws
2021-05-25 18:08:10,1161,bot,other,momJenRodriguez
2021-05-25 18:08:10,1163,bot,other,momJenRodriguez
2021-05-25 18:08:10,1164,bot,other,momJenRodriguez
2021-05-25 17:45:40,1168,bot,other,momJenRodriguez
2021-05-25 17:38:57,1169,bot,other,momJenRodriguez
2021-05-25 18:13:50,1170,bot,other,momJenRodriguez
2021-05-26 19:13:42,1171,bot,other,momJenRodriguez
2021-05-26 18:05:06,1172,bot,other,momJenRodriguez
2021-05-26 18:05:06,1173,bot,other,momJenRodriguez
2021-05-24 11:22:47,1174,human,,DonnaOw66990971
2021-05-24 06:41:32,1175,human,,DixieGenX
2021-05-24 06:01:48,1176,human,,DixieGenX
2021-05-24 05:58:59,1177,human,,DixieGenX
2021-05-24 05:15:57,1178,human,,DixieGenX
2021-05-24 05:10:17,1179,human,,DixieGenX
2021-05-24 04:54:31,1180,human,,DixieGenX
2021-05-24 04:36:05,1181,human,,DixieGenX
2021-05-23 23:18:15,1182,human,,DixieGenX
2021-05-23 20:40:10,1184,human,,DixieGenX
2021-05-19 00:54:43,1185,human,,DixieGenX
2021-05-19 00:54:43,1186,human,,DixieGenX
2021-05-19 00:54:43,1187,human,,DixieGenX
2021-05-18 23:00:23,1189,human,,DixieGenX
2021-05-18 05:24:08,1190,human,,DixieGenX
2021-05-18 00:44:18,1191,human,,DixieGenX
2021-05-19 00:54:43,1192,human,,DixieGenX
2021-05-19 00:54:43,1193,human,,DixieGenX
2021-07-28 23:45:07,1194,human,,DixieGenX
2021-05-26 02:32:47,1195,human,,Sbartol3
2021-05-26 02:45:47,1196,human,,PatriotDany
2021-07-17 21:59:57,1197,human,,107devorah
2021-07-30 04:29:40,1198,human,,107devorah
2021-07-30 04:28:05,1199,human,,107devorah
2021-07-30 04:09:53,1200,human,,107devorah
2021-07-30 03:59:56,1201,human,,107devorah
2021-07-30 02:19:48,1202,human,,107devorah
2021-07-30 18:01:09,1203,human,,107devorah
2021-07-30 18:01:09,1206,human,,107devorah
2021-07-29 18:11:14,1207,human,,107devorah
2021-07-29 05:35:51,1208,human,,107devorah
2021-07-28 23:21:55,1209,human,,107devorah
2021-07-28 17:59:25,1214,human,,107devorah
2021-07-28 17:59:25,1215,human,,107devorah
2021-08-01 17:23:39,1216,human,,107devorah
2021-08-01 07:19:03,1217,human,,107devorah
2021-07-31 21:49:23,1218,human,,107devorah
2021-07-25 20:51:26,1219,human,,107devorah
2021-07-25 02:30:05,1220,human,,107devorah
2021-07-15 06:24:54,1221,human,,SmithMEGA007
2021-07-14 20:35:34,1222,human,,SmithMEGA007
2021-05-26 15:53:20,1223,human,,Laban471
2021-05-26 15:53:20,1224,human,,Laban471
2021-05-23 03:49:59,1225,human,,laureenrobinso1
2021-05-23 03:49:59,1226,human,,laureenrobinso1
2021-05-22 15:32:18,1227,human,,laureenrobinso1
2021-05-22 15:18:44,1228,human,,laureenrobinso1
2021-05-22 14:29:01,1229,human,,laureenrobinso1
2021-05-22 14:29:01,1233,human,,laureenrobinso1
2021-05-22 14:29:01,1234,human,,laureenrobinso1
2021-05-22 14:26:17,1235,human,,laureenrobinso1
2021-05-22 14:26:17,1236,human,,laureenrobinso1
2021-05-22 14:26:17,1237,human,,laureenrobinso1
2021-05-22 14:24:45,1238,human,,laureenrobinso1
2021-05-22 14:23:32,1239,human,,laureenrobinso1
2021-05-26 08:08:22,1240,human,,bilks
2021-05-26 08:03:25,1242,human,,bilks
2021-05-26 08:12:36,1243,human,,bilks
2021-05-26 04:14:03,1244,human,,Learningpods1
2021-05-26 04:14:03,1245,human,,Learningpods1
2021-05-26 04:14:03,1246,human,,Learningpods1
2021-07-18 05:01:03,1248,human,,val_ic
2021-05-22 16:42:40,1249,human,,AlfaBravo005
2021-05-22 15:29:41,1250,human,,AlfaBravo005
2021-05-18 22:07:34,1251,human,,pinopire43
2021-05-18 20:54:42,1253,human,,pinopire43
2021-05-18 20:53:56,1254,human,,pinopire43
2021-05-18 20:47:23,1255,human,,pinopire43
2021-05-18 17:28:05,1256,human,,LoFaSho24
2021-05-23 01:05:42,1257,human,,CrashingJustice
2021-05-22 01:04:16,1258,human,,IBelieveMothers
2021-05-20 20:29:40,1259,human,,AllieLucas1971
2021-05-20 20:29:40,1260,human,,AllieLucas1971
2021-05-20 20:29:40,1261,human,,AllieLucas1971
2021-05-20 20:29:40,1262,human,,AllieLucas1971
2021-05-20 20:29:40,1263,human,,AllieLucas1971
2021-07-18 07:29:25,1264,human,,Caring_Canuck
2021-07-18 07:29:25,1265,human,,Caring_Canuck
2021-07-18 21:46:06,1266,human,,Andreopeeneilan
2021-07-18 20:42:26,1267,human,,mattlargey
2021-07-18 14:09:51,1268,human,,ella03787321
2021-07-18 14:09:51,1269,human,,ella03787321
2021-07-18 14:09:51,1270,human,,ella03787321
2021-07-18 14:09:51,1271,human,,ella03787321
2021-07-18 10:27:45,1272,human,,ella03787321
2021-07-18 10:27:45,1273,human,,ella03787321
2021-07-18 10:27:45,1274,human,,ella03787321
2021-07-18 10:59:04,1275,human,,Vicmot
2021-07-18 09:35:52,1276,human,,Max65752957
2021-07-18 09:35:52,1277,human,,Max65752957
2021-07-18 16:42:06,1278,human,,Rac_helz
2021-07-18 16:37:19,1279,human,,Rac_helz
2021-07-18 16:43:22,1280,bot,spammer,takapirulainen
2021-07-18 16:43:22,1281,bot,spammer,takapirulainen
2021-07-18 16:43:22,1282,bot,spammer,takapirulainen
2021-07-27 01:24:55,1283,human,,LoveTahoe1
2021-07-27 01:24:55,1284,human,,LoveTahoe1
2021-07-27 01:24:55,1285,human,,LoveTahoe1
2021-07-27 01:24:55,1287,human,,LoveTahoe1
2021-07-27 01:24:55,1288,human,,LoveTahoe1
2021-07-27 01:24:55,1289,human,,LoveTahoe1
2021-07-27 00:08:01,1290,human,,LoveTahoe1
2021-07-26 21:43:27,1291,human,,LoveTahoe1
2021-07-26 21:36:37,1293,human,,LoveTahoe1
2021-07-26 21:36:37,1294,human,,LoveTahoe1
2021-07-26 21:35:41,1295,human,,LoveTahoe1
2021-07-26 21:09:50,1296,human,,LoveTahoe1
2021-07-26 18:52:02,1297,human,,LoveTahoe1
2021-07-26 18:42:24,1298,human,,LoveTahoe1
2021-07-29 08:21:33,1299,human,,LoveTahoe1
2021-07-26 18:11:58,1300,human,,LoveTahoe1
2021-08-05 18:02:58,1301,human,,Sayyestolifeno1
2021-08-05 18:25:28,1302,human,,Sayyestolifeno1
2021-07-26 18:11:08,1303,human,,zoogirl121
2021-07-26 04:12:10,1304,human,,zoogirl121
2021-07-23 19:36:41,1305,human,,tvegaw
2021-07-23 18:07:14,1307,human,,tvegaw
2021-07-23 18:07:14,1308,human,,tvegaw
2021-07-23 18:07:14,1309,human,,tvegaw
2021-07-24 16:49:05,1310,human,,texaspatriette
2021-07-24 16:50:45,1311,human,,texaspatriette
2021-07-24 18:16:06,1312,human,,texaspatriette
2021-07-24 20:21:33,1313,bot,private_account,DDonP3
2021-07-24 17:33:41,1314,bot,private_account,DDonP3
2021-07-24 17:23:50,1315,bot,private_account,DDonP3
2021-07-24 18:05:20,1316,bot,private_account,DDonP3
2021-07-24 17:38:06,1317,bot,other,NoSurrender200
2021-07-24 17:35:09,1318,bot,other,NoSurrender200
2021-07-24 17:34:57,1319,bot,other,NoSurrender200
2021-05-25 18:01:32,0,bot,spammer,EynoufElizabeth
2021-05-26 16:57:23,1,bot,spammer,newsmax
2021-05-26 17:05:46,2,bot,spammer,newsmax
2021-05-26 17:09:06,3,bot,spammer,newsmax
2021-05-26 17:10:46,4,bot,spammer,newsmax
2021-05-26 17:11:23,5,bot,spammer,newsmax
2021-05-26 17:12:04,6,bot,spammer,newsmax
2021-05-26 17:13:54,7,bot,spammer,newsmax
2021-05-26 17:16:56,8,bot,spammer,newsmax
2021-05-26 17:20:06,9,bot,spammer,newsmax
2021-05-26 16:44:05,10,bot,spammer,newsmax
2021-05-26 17:21:41,11,bot,spammer,newsmax
2021-05-26 17:24:10,12,bot,spammer,newsmax
2021-05-26 17:25:45,13,bot,spammer,newsmax
2021-05-26 17:34:42,14,bot,spammer,newsmax
2021-05-26 17:38:25,15,bot,spammer,newsmax
2021-05-26 17:43:02,16,bot,spammer,newsmax
2021-05-26 17:46:37,17,bot,spammer,newsmax
2021-05-26 17:48:18,18,bot,spammer,newsmax
2021-05-26 17:50:48,19,bot,spammer,newsmax
2021-05-26 18:07:55,20,bot,spammer,newsmax
2021-05-26 17:23:59,21,bot,spammer,newsmax
2021-05-26 16:40:31,22,bot,spammer,newsmax
2021-05-26 16:40:22,23,bot,spammer,newsmax
2021-05-26 16:35:47,24,bot,spammer,newsmax
2021-05-26 15:25:01,25,bot,spammer,newsmax
2021-05-26 15:27:54,26,bot,spammer,newsmax
2021-05-26 15:28:45,27,bot,spammer,newsmax
2021-05-26 15:28:58,28,bot,spammer,newsmax
2021-05-26 15:32:00,29,bot,spammer,newsmax
2021-05-26 15:39:29,30,bot,spammer,newsmax
2021-05-26 15:41:35,31,bot,spammer,newsmax
2021-05-26 15:44:38,32,bot,spammer,newsmax
2021-05-26 15:45:57,33,bot,spammer,newsmax
2021-05-26 15:46:47,34,bot,spammer,newsmax
2021-05-26 15:52:50,35,bot,spammer,newsmax
2021-05-26 15:54:49,36,bot,spammer,newsmax
2021-05-26 15:59:10,37,bot,spammer,newsmax
2021-05-26 16:00:54,38,bot,spammer,newsmax
2021-05-26 16:19:57,39,bot,spammer,newsmax
2021-05-26 16:22:46,40,bot,spammer,newsmax
2021-05-26 16:32:25,41,bot,spammer,newsmax
2021-05-26 16:33:14,42,bot,spammer,newsmax
2021-05-26 16:34:46,43,bot,spammer,newsmax
2021-05-26 16:35:06,44,bot,spammer,newsmax
2021-05-26 18:13:14,45,bot,spammer,newsmax
2021-05-26 15:17:43,46,bot,spammer,newsmax
2021-05-26 18:15:29,47,bot,spammer,newsmax
2021-05-26 18:38:04,48,bot,spammer,newsmax
2021-05-26 20:49:01,49,bot,spammer,newsmax
2021-05-26 21:11:22,50,bot,spammer,newsmax
2021-05-26 21:14:44,51,bot,spammer,newsmax
2021-05-26 21:15:30,52,bot,spammer,newsmax
2021-05-26 21:17:02,53,bot,spammer,newsmax
2021-05-26 21:19:59,54,bot,spammer,newsmax
2021-05-26 21:22:35,55,bot,spammer,newsmax
2021-05-26 21:22:50,57,bot,spammer,newsmax
2021-05-26 21:29:16,58,bot,spammer,newsmax
2021-05-26 20:31:35,59,bot,spammer,newsmax
2021-05-26 21:42:09,60,bot,spammer,newsmax
2021-05-26 21:44:58,61,bot,spammer,newsmax
2021-05-26 21:47:44,62,bot,spammer,newsmax
2021-05-26 21:48:03,63,bot,spammer,newsmax
2021-05-26 21:49:02,64,bot,spammer,newsmax
2021-05-26 22:01:51,65,bot,spammer,newsmax
2021-05-26 20:16:13,66,bot,spammer,newsmax
2021-05-26 18:40:28,67,bot,spammer,newsmax
2021-05-26 18:54:21,68,bot,spammer,newsmax
2021-05-26 18:54:26,69,bot,spammer,newsmax
2021-05-26 18:55:14,70,bot,spammer,newsmax
2021-05-26 19:00:14,71,bot,spammer,newsmax
2021-05-26 19:14:21,72,bot,spammer,newsmax
2021-05-26 19:17:47,73,bot,spammer,newsmax
2021-05-26 19:18:17,74,bot,spammer,newsmax
2021-05-26 19:22:49,75,bot,spammer,newsmax
2021-05-26 19:38:16,76,bot,spammer,newsmax
2021-05-26 19:40:41,77,bot,spammer,newsmax
2021-05-26 19:40:42,78,bot,spammer,newsmax
2021-05-26 19:40:53,79,bot,spammer,newsmax
2021-05-26 19:41:39,80,bot,spammer,newsmax
2021-05-26 19:42:10,81,bot,spammer,newsmax
2021-05-26 19:43:17,82,bot,spammer,newsmax
2021-05-26 20:00:58,83,bot,spammer,newsmax
2021-05-26 20:01:55,84,bot,spammer,newsmax
2021-05-26 20:04:29,85,bot,spammer,newsmax
2021-05-26 20:04:59,86,bot,spammer,newsmax
2021-05-26 20:14:01,87,bot,spammer,newsmax
2021-05-26 18:15:39,88,bot,spammer,newsmax
2021-05-26 22:19:33,89,bot,spammer,newsmax
2021-05-26 15:14:34,90,bot,spammer,newsmax
2021-05-26 14:57:47,91,bot,spammer,newsmax
2021-05-26 12:49:54,92,bot,spammer,newsmax
2021-05-26 12:50:18,93,bot,spammer,newsmax
2021-05-26 12:51:18,94,bot,spammer,newsmax
2021-05-26 12:51:54,95,bot,spammer,newsmax
2021-05-26 12:53:13,96,bot,spammer,newsmax
2021-05-26 12:53:56,97,bot,spammer,newsmax
2021-05-26 12:55:02,98,bot,spammer,newsmax
2021-05-26 12:55:16,99,bot,spammer,newsmax
2021-05-26 12:55:19,100,bot,spammer,newsmax
2021-05-26 12:49:10,101,bot,spammer,newsmax
2021-05-26 12:55:50,102,bot,spammer,newsmax
2021-05-26 12:57:57,103,bot,spammer,newsmax
2021-05-26 13:00:54,104,bot,spammer,newsmax
2021-05-26 13:01:43,105,bot,spammer,newsmax
2021-05-26 13:02:07,106,bot,spammer,newsmax
2021-05-26 13:04:12,107,bot,spammer,newsmax
2021-05-26 13:06:12,108,bot,spammer,newsmax
2021-05-26 13:08:02,109,bot,spammer,newsmax
2021-05-26 13:10:38,110,bot,spammer,newsmax
2021-05-26 12:57:36,111,bot,spammer,newsmax
2021-05-26 12:48:31,112,bot,spammer,newsmax
2021-05-26 12:48:03,113,bot,spammer,newsmax
2021-05-26 12:47:53,114,bot,spammer,newsmax
2021-05-26 12:40:12,115,bot,spammer,newsmax
2021-05-26 12:41:03,116,bot,spammer,newsmax
2021-05-26 12:41:26,117,bot,spammer,newsmax
2021-05-26 12:42:01,118,bot,spammer,newsmax
2021-05-26 12:42:03,119,bot,spammer,newsmax
2021-05-26 12:42:18,120,bot,spammer,newsmax
2021-05-26 12:43:19,121,bot,spammer,newsmax
2021-05-26 12:44:00,122,bot,spammer,newsmax
2021-05-26 12:44:43,123,bot,spammer,newsmax
2021-05-26 12:45:17,124,bot,spammer,newsmax
2021-05-26 12:45:46,125,bot,spammer,newsmax
2021-05-26 12:47:00,126,bot,spammer,newsmax
2021-05-26 12:47:24,127,bot,spammer,newsmax
2021-05-26 12:47:31,128,bot,spammer,newsmax
2021-05-26 13:10:45,129,bot,spammer,newsmax
2021-05-26 15:08:18,130,bot,spammer,newsmax
2021-05-26 13:14:08,131,bot,spammer,newsmax
2021-05-26 13:17:53,132,bot,spammer,newsmax
2021-05-26 13:59:29,133,bot,spammer,newsmax
2021-05-26 14:05:47,134,bot,spammer,newsmax
2021-05-26 14:07:00,135,bot,spammer,newsmax
2021-05-26 14:07:02,136,bot,spammer,newsmax
2021-05-26 14:07:45,137,bot,spammer,newsmax
2021-05-26 14:12:21,138,bot,spammer,newsmax
2021-05-26 14:14:14,139,bot,spammer,newsmax
2021-05-26 14:16:57,140,bot,spammer,newsmax
2021-05-26 14:17:24,141,bot,spammer,newsmax
2021-05-26 13:55:04,142,bot,spammer,newsmax
2021-05-26 14:22:48,143,bot,spammer,newsmax
2021-05-26 14:23:59,144,bot,spammer,newsmax
2021-05-26 14:24:31,145,bot,spammer,newsmax
2021-05-26 14:29:26,146,bot,spammer,newsmax
2021-05-26 14:34:12,147,bot,spammer,newsmax
2021-05-26 14:34:36,148,bot,spammer,newsmax
2021-05-26 14:36:50,149,bot,spammer,newsmax
2021-05-26 14:37:14,150,bot,spammer,newsmax
2021-05-26 14:41:23,151,bot,spammer,newsmax
2021-05-26 14:23:34,152,bot,spammer,newsmax
2021-05-26 13:54:20,153,bot,spammer,newsmax
2021-05-26 13:52:01,154,bot,spammer,newsmax
2021-05-26 13:51:49,155,bot,spammer,newsmax
2021-05-26 13:18:54,156,bot,spammer,newsmax
2021-05-26 13:20:55,157,bot,spammer,newsmax
2021-05-26 13:21:53,158,bot,spammer,newsmax
2021-05-26 13:23:43,159,bot,spammer,newsmax
2021-05-26 13:24:01,160,bot,spammer,newsmax
2021-05-26 13:24:42,161,bot,spammer,newsmax
2021-05-26 13:25:23,162,bot,spammer,newsmax
2021-05-26 13:29:55,163,bot,spammer,newsmax
2021-05-26 13:31:38,164,bot,spammer,newsmax
2021-05-26 13:32:20,165,bot,spammer,newsmax
2021-05-26 13:39:19,166,bot,spammer,newsmax
2021-05-26 13:40:57,167,bot,spammer,newsmax
2021-05-26 13:41:30,168,bot,spammer,newsmax
2021-05-26 13:42:31,169,bot,spammer,newsmax
2021-05-26 13:45:06,170,bot,spammer,newsmax
2021-05-26 13:47:14,171,bot,spammer,newsmax
2021-05-26 13:49:01,172,bot,spammer,newsmax
2021-05-26 13:49:12,173,bot,spammer,newsmax
2021-05-26 13:49:16,174,bot,spammer,newsmax
2021-05-26 13:51:31,175,bot,spammer,newsmax
2021-05-26 13:16:07,176,bot,spammer,newsmax
2021-05-26 22:25:06,177,bot,spammer,newsmax
2021-05-26 16:35:38,178,bot,spammer,mimosa_9th_
2021-05-26 21:29:43,179,bot,spammer,robert_traurig
2021-05-26 21:29:43,180,bot,spammer,robert_traurig
2021-05-26 21:29:43,181,bot,spammer,robert_traurig
2021-05-26 21:29:43,182,bot,spammer,robert_traurig
2021-05-26 20:16:13,183,bot,spammer,JaneDoe89034155
2021-05-26 13:06:25,184,bot,spammer,Yaocyou
2021-05-25 18:06:04,186,bot,spammer,EdwinRankin
2021-05-25 18:24:00,187,bot,spammer,drmassee
2021-05-25 18:31:42,188,bot,spammer,l11432
2021-05-25 18:57:58,189,bot,spammer,NYLockdown
2021-05-25 19:10:26,190,bot,spammer,HetrickBarry
2021-05-26 14:23:59,191,bot,spammer,santa_tzu
2021-11-08 02:56:02,21,bot,spammer,JonPort79449036
2021-11-04 20:30:46,22,bot,spammer,JonPort79449036
2021-11-04 20:30:19,23,bot,spammer,JonPort79449036
2021-11-04 20:29:35,24,bot,spammer,JonPort79449036
2021-11-04 20:28:58,25,bot,spammer,JonPort79449036
2021-11-04 20:28:36,26,bot,spammer,JonPort79449036
2021-11-04 20:27:51,27,bot,spammer,JonPort79449036
2021-11-04 20:31:25,28,bot,spammer,JonPort79449036
2021-11-04 20:24:55,29,bot,spammer,JonPort79449036
2021-11-04 20:24:27,30,bot,spammer,JonPort79449036
2021-11-04 20:24:08,31,bot,spammer,JonPort79449036
2021-11-04 20:23:32,32,bot,spammer,JonPort79449036
2021-11-04 20:23:11,33,bot,spammer,JonPort79449036
2021-11-04 20:23:00,34,bot,spammer,JonPort79449036
2021-11-04 20:25:20,35,bot,spammer,JonPort79449036
2021-11-04 20:31:48,36,bot,spammer,JonPort79449036
2021-11-06 21:05:38,37,bot,spammer,JonPort79449036
2021-11-05 18:30:10,38,bot,spammer,JonPort79449036
2021-11-05 07:30:07,39,bot,spammer,JonPort79449036
2021-11-05 03:44:44,40,bot,spammer,JonPort79449036
2021-11-05 00:16:33,41,bot,spammer,JonPort79449036
2021-11-04 22:16:38,42,bot,spammer,JonPort79449036
2021-11-04 21:15:47,44,bot,spammer,JonPort79449036
2021-11-04 20:42:42,45,bot,spammer,JonPort79449036
2021-11-04 20:41:49,48,bot,spammer,JonPort79449036
2021-11-04 20:41:09,49,bot,spammer,JonPort79449036
2021-11-04 20:40:46,50,bot,spammer,JonPort79449036
2021-11-04 20:40:22,51,bot,spammer,JonPort79449036
2021-11-04 20:32:53,52,bot,spammer,JonPort79449036
2021-11-04 20:32:42,53,bot,spammer,JonPort79449036
2021-11-04 19:51:40,54,bot,spammer,JonPort79449036
2021-11-04 19:51:19,55,bot,spammer,JonPort79449036
2021-11-02 23:26:06,56,bot,spammer,JonPort79449036
2021-11-02 23:26:06,80,bot,spammer,JonPort79449036
2021-11-02 23:24:58,81,bot,spammer,JonPort79449036
2021-11-02 23:24:00,82,bot,spammer,JonPort79449036
2021-11-02 23:26:15,83,bot,spammer,JonPort79449036
2021-11-02 23:26:42,84,bot,spammer,JonPort79449036
2021-11-02 23:33:07,86,bot,spammer,JonPort79449036
2021-11-02 23:32:36,87,bot,spammer,JonPort79449036
2021-11-02 23:31:41,88,bot,spammer,JonPort79449036
2021-11-02 23:31:26,89,bot,spammer,JonPort79449036
2021-11-02 23:30:56,90,bot,spammer,JonPort79449036
2021-11-02 23:30:10,91,bot,spammer,JonPort79449036
2021-11-02 23:29:22,92,bot,spammer,JonPort79449036
2021-11-02 23:28:47,93,bot,spammer,JonPort79449036
2021-11-02 23:28:29,94,bot,spammer,JonPort79449036
2021-11-02 23:28:07,96,bot,spammer,JonPort79449036
2021-11-02 23:27:54,97,bot,spammer,JonPort79449036
2021-11-02 23:27:13,98,bot,spammer,JonPort79449036
2021-11-02 23:26:42,99,bot,spammer,JonPort79449036
2021-11-02 23:33:32,100,bot,spammer,JonPort79449036
2021-11-03 02:18:18,101,bot,spammer,JonPort79449036
2021-11-03 02:13:52,102,bot,spammer,JonPort79449036
2021-11-03 00:50:20,103,bot,spammer,JonPort79449036
2021-11-03 00:50:09,104,bot,spammer,JonPort79449036
2021-11-03 00:50:00,105,bot,spammer,JonPort79449036
2021-11-03 00:50:00,106,bot,spammer,JonPort79449036
2021-11-03 00:50:00,108,bot,spammer,JonPort79449036
2021-11-03 00:48:52,109,bot,spammer,JonPort79449036
2021-11-03 00:48:13,110,bot,spammer,JonPort79449036
2021-11-03 00:47:58,112,bot,spammer,JonPort79449036
2021-11-03 00:47:58,113,bot,spammer,JonPort79449036
2021-11-03 04:54:05,114,bot,spammer,JonPort79449036
2021-11-03 00:47:25,115,bot,spammer,JonPort79449036
2021-11-03 00:47:13,117,bot,spammer,JonPort79449036
2021-11-03 00:46:59,118,bot,spammer,JonPort79449036
2021-11-03 00:46:59,120,bot,spammer,JonPort79449036
2021-11-03 00:46:48,121,bot,spammer,JonPort79449036
2021-11-03 00:46:48,122,bot,spammer,JonPort79449036
2021-11-03 00:46:05,123,bot,spammer,JonPort79449036
2021-11-03 00:45:52,124,bot,spammer,JonPort79449036
2021-11-03 00:47:13,125,bot,spammer,JonPort79449036
2021-11-03 05:02:41,126,bot,spammer,JonPort79449036
2021-11-03 09:01:53,127,bot,spammer,JonPort79449036
2021-11-03 11:54:44,128,bot,spammer,JonPort79449036
2021-11-04 19:50:55,129,bot,spammer,JonPort79449036
2021-11-04 19:50:42,130,bot,spammer,JonPort79449036
2021-11-04 19:50:12,131,bot,spammer,JonPort79449036
2021-11-04 19:49:28,132,bot,spammer,JonPort79449036
2021-11-04 19:48:29,133,bot,spammer,JonPort79449036
2021-11-04 19:48:13,134,bot,spammer,JonPort79449036
2021-11-04 14:38:50,135,bot,spammer,JonPort79449036
2021-11-04 13:57:09,136,bot,spammer,JonPort79449036
2021-11-03 19:13:06,137,bot,spammer,JonPort79449036
2021-11-03 00:09:10,138,bot,spammer,JonPort79449036
2021-11-02 23:33:47,163,bot,spammer,JonPort79449036
2021-11-03 00:09:10,164,bot,spammer,JonPort79449036
2021-11-02 23:57:55,165,bot,spammer,JonPort79449036
2021-11-02 23:57:15,166,bot,spammer,JonPort79449036
2021-11-02 23:56:45,167,bot,spammer,JonPort79449036
2021-11-02 23:56:34,168,bot,spammer,JonPort79449036
2021-11-02 23:56:34,170,bot,spammer,JonPort79449036
2021-11-02 23:58:20,171,bot,spammer,JonPort79449036
2021-11-02 23:56:10,172,bot,spammer,JonPort79449036
2021-11-02 23:56:00,173,bot,spammer,JonPort79449036
2021-11-02 23:55:26,174,bot,spammer,JonPort79449036
2021-11-02 23:35:13,175,bot,spammer,JonPort79449036
2021-11-02 23:34:23,176,bot,spammer,JonPort79449036
2021-11-02 23:34:23,177,bot,spammer,JonPort79449036
2021-11-02 23:34:12,178,bot,spammer,JonPort79449036
2021-11-02 23:58:31,179,bot,spammer,JonPort79449036
2021-11-03 00:08:28,180,bot,spammer,JonPort79449036
2021-11-03 00:08:04,181,bot,spammer,JonPort79449036
2021-11-03 00:07:24,182,bot,spammer,JonPort79449036
2021-11-03 00:05:10,183,bot,spammer,JonPort79449036
2021-11-03 00:03:13,184,bot,spammer,JonPort79449036
2021-11-03 00:03:13,185,bot,spammer,JonPort79449036
2021-11-03 00:01:41,186,bot,spammer,JonPort79449036
2021-11-03 00:01:21,187,bot,spammer,JonPort79449036
2021-11-03 00:00:48,188,bot,spammer,JonPort79449036
2021-11-03 00:00:34,189,bot,spammer,JonPort79449036
2021-11-03 00:00:17,190,bot,spammer,JonPort79449036
2021-11-03 00:00:03,191,bot,spammer,JonPort79449036
2021-11-02 23:59:52,192,bot,spammer,JonPort79449036
2021-11-02 23:59:04,193,bot,spammer,JonPort79449036
2021-11-02 23:58:44,194,bot,spammer,JonPort79449036
2021-11-03 00:08:28,195,bot,spammer,JonPort79449036
2021-10-31 17:53:16,199,human,spammer,sfbtears
2021-10-31 17:53:16,200,human,spammer,sfbtears
2021-11-18 19:53:02,219,bot,spammer,Daniel2510G
2021-11-19 10:56:11,223,bot,spammer,Daniel2510G
2021-11-18 19:58:19,225,bot,spammer,Daniel2510G
2021-11-18 19:58:19,227,bot,spammer,Daniel2510G
2021-11-18 19:57:51,228,bot,spammer,Daniel2510G
2021-11-18 19:57:43,229,bot,spammer,Daniel2510G
2021-11-18 19:57:29,230,bot,spammer,Daniel2510G
2021-11-18 19:57:22,231,bot,spammer,Daniel2510G
2021-11-18 19:54:12,232,bot,spammer,Daniel2510G
2021-11-01 15:44:26,233,bot,spammer,Daniel2510G
2021-10-27 18:30:13,234,bot,spammer,Daniel2510G
2021-10-27 18:30:13,236,bot,spammer,Daniel2510G
2021-10-27 18:30:13,238,bot,spammer,Daniel2510G
2021-10-27 18:28:16,239,bot,spammer,Daniel2510G
2021-10-22 19:53:02,242,bot,spammer,Daniel2510G
2021-10-22 19:51:23,243,bot,spammer,Daniel2510G
2021-10-22 19:51:23,244,bot,spammer,Daniel2510G
2021-11-26 23:28:45,254,human,,bev768
2021-11-26 23:28:45,431,human,,bev768
2021-10-11 17:04:28,438,human,,CobyJayJr42
2021-09-01 14:35:58,543,human,spammer,danny086756661
2021-09-01 14:35:58,544,human,spammer,danny086756661
2021-09-02 21:25:13,566,human,,nickisnest
2021-11-16 15:57:17,734,bot,spammer,CobyJayJr43
2021-11-10 14:32:40,735,bot,spammer,CobyJayJr43
2021-11-13 16:26:49,736,bot,spammer,CobyJayJr43
2021-11-25 16:29:22,737,bot,spammer,CobyJayJr43
2021-11-25 16:29:22,738,bot,spammer,CobyJayJr43
2021-11-25 16:29:22,739,bot,spammer,CobyJayJr43
2021-11-25 16:29:22,740,bot,spammer,CobyJayJr43
2021-11-25 16:29:22,741,bot,spammer,CobyJayJr43
2021-10-30 16:24:27,742,bot,spammer,CobyJayJr43
2021-10-30 16:24:27,743,bot,spammer,CobyJayJr43
2021-10-29 12:29:29,744,bot,spammer,CobyJayJr43
2021-10-26 09:43:27,745,bot,spammer,CobyJayJr43
2021-10-24 15:36:13,746,bot,spammer,CobyJayJr43
2021-10-24 11:20:40,747,bot,spammer,CobyJayJr43
2021-10-24 09:43:49,748,bot,spammer,CobyJayJr43
2021-10-24 09:43:49,749,bot,spammer,CobyJayJr43
2021-10-22 22:25:06,750,bot,spammer,CobyJayJr43
2021-10-22 19:27:09,751,bot,spammer,CobyJayJr43
2021-10-22 19:27:09,752,bot,spammer,CobyJayJr43
2021-10-24 09:43:49,753,bot,spammer,CobyJayJr43
2021-11-09 13:07:13,754,human,,BrandonLesco1
2021-11-09 13:07:13,755,human,,BrandonLesco1
2021-11-08 15:40:59,756,human,,BrandonLesco1
2021-11-08 15:40:59,757,human,,BrandonLesco1
2021-11-08 12:07:56,758,human,,BrandonLesco1
2021-11-08 12:07:56,759,human,,BrandonLesco1
2021-11-08 12:07:56,760,human,,BrandonLesco1
2021-11-04 17:51:52,761,human,,BrandonLesco1
2021-11-04 17:51:52,762,human,,BrandonLesco1
2021-11-04 12:41:44,763,human,,BrandonLesco1
2021-11-04 12:41:44,764,human,,BrandonLesco1
2021-11-03 15:47:51,765,human,,BrandonLesco1
2021-11-05 00:16:33,766,human,,NH_2_NC
2021-11-05 00:16:33,767,human,,NH_2_NC
2021-09-02 18:47:29,773,human,,ussuricat1
2021-09-02 18:47:29,774,human,,ussuricat1
2021-05-26 04:16:25,1015,human,,Learningpods1
2021-08-30 18:41:41,1150,bot,other,VanderluciaSch1
2021-08-30 15:58:28,1151,bot,other,VanderluciaSch1
2021-08-30 12:03:04,1152,human,,VanderluciaSch1
2021-08-30 18:41:57,1153,human,,VanderluciaSch1
2021-08-30 11:54:32,1154,human,,VanderluciaSch1
2021-08-30 11:53:01,1155,human,,VanderluciaSch1
2021-08-30 11:39:52,1156,human,,VanderluciaSch1
2021-08-30 11:54:32,1157,human,,VanderluciaSch1
2021-08-30 21:06:46,1158,human,,VanderluciaSch1
2021-08-30 23:10:27,1159,human,,VanderluciaSch1
2021-09-02 04:42:07,1160,human,,VanderluciaSch1
2021-09-01 14:44:31,1161,bot,other,VanderluciaSch1
2021-09-01 00:22:49,1162,human,,VanderluciaSch1
2021-09-01 00:09:14,1163,bot,other,VanderluciaSch1
2021-08-31 22:31:58,1164,bot,other,VanderluciaSch1
2021-08-31 12:15:13,1165,human,,VanderluciaSch1
2021-08-31 09:51:06,1166,human,,VanderluciaSch1
2021-08-31 09:25:45,1167,human,,VanderluciaSch1
2021-08-31 02:36:18,1168,bot,other,VanderluciaSch1
2021-08-31 02:25:29,1169,bot,other,VanderluciaSch1
2021-08-31 02:20:18,1170,bot,other,VanderluciaSch1
2021-08-31 02:08:44,1171,bot,other,VanderluciaSch1
2021-08-31 02:04:28,1172,bot,other,VanderluciaSch1
2021-08-31 01:55:15,1173,bot,other,VanderluciaSch1
2021-08-31 01:53:06,1174,human,,VanderluciaSch1
2021-08-31 01:49:30,1175,human,,VanderluciaSch1
2021-08-31 01:21:09,1176,human,,VanderluciaSch1
2021-08-31 01:21:08,1177,human,,VanderluciaSch1
2021-08-31 00:32:27,1178,human,,VanderluciaSch1
2021-08-30 23:42:46,1179,human,,VanderluciaSch1
2021-08-30 23:28:16,1180,human,,VanderluciaSch1
2021-08-30 23:22:15,1181,human,,VanderluciaSch1
